Team,Base_Rank,Base_NPI,High Bar (53/0.8)_Rank,High Bar (53/0.8)_NPI,Low Bar (49/0.3)_Rank,Low Bar (49/0.3)_NPI,Additive (Simple Avg)_Rank,Additive (Simple Avg)_NPI,High Bar (53/0.8)_Change,Low Bar (49/0.3)_Change,Additive (Simple Avg)_Change
Michigan,1,60.13725268897491,1,59.73959185049581,1,60.27929136732812,1,60.00688322903699,0,0,0
Michigan State,2,58.85067757123344,2,58.532065181246324,2,59.04107042719904,2,58.75506856925559,0,0,0
North Dakota,3,58.24700256393753,4,57.68119705879986,3,58.61041670053016,3,58.26054304708458,-1,0,0
Western Michigan,4,58.201675330952135,5,57.65158043453153,5,58.348549569901856,4,58.201275224350255,-1,-1,0
Penn State,5,58.151966940543744,3,57.870281558632705,4,58.53143971336984,5,58.083150053146305,2,1,0
Minnesota Duluth,6,56.55545826065596,6,56.07163229661789,6,56.824776227715354,6,56.53953509671795,0,0,0
Providence,7,56.21481347626167,7,55.56495820821297,7,56.60607916990802,7,56.18408063447295,0,0,0
Cornell,8,55.710539576776384,10,55.217035642339695,8,56.082078007735625,8,55.66779335401595,-2,0,0
Quinnipiac,9,55.689960027509116,9,55.26324026521855,9,56.074214610090614,9,55.665485344655664,0,0,0
Wisconsin,10,55.42885722167649,8,55.26622663049852,10,55.570168609706386,10,55.3279462122383,2,0,0
Dartmouth,11,55.14944437119703,11,54.811811939098945,11,55.465729535855594,11,55.15350230077169,0,0,0
St. Thomas,12,55.0915807689089,13,54.568821757289214,12,55.36574229905442,12,55.08305950995989,-1,0,0
Denver,13,55.05822202547236,12,54.57342813634192,13,55.32324989684662,13,54.97971400002583,1,0,0
Boston College,14,54.2541497989255,14,53.80351573587849,14,54.62149084956685,14,54.24159846882079,0,0,0
Connecticut,15,53.949350251075806,15,53.51471582426731,15,54.45829612620938,15,53.942916269318246,0,0,0
Augustana,16,53.47498815324969,16,53.1007527988427,16,53.72239529380079,16,53.43385974419168,0,0,0
St. Cloud State,17,53.25015709001067,17,52.8107612429938,17,53.45082002170202,17,53.27413947247791,0,0,0
Harvard,18,52.93477363490584,18,52.662231257809076,18,53.249054622547845,18,52.916696296416475,0,0,0
Minnesota State,19,52.901893111272535,19,52.50698608643862,20,53.11563605790463,19,52.88450982472494,0,-1,0
Massachusetts,20,52.747749385605374,21,52.24566505550749,19,53.152327639070364,20,52.75693332721318,-1,1,0
Bowling Green,21,52.71287051253598,20,52.38502266497336,21,52.93310214850252,21,52.70273543460257,1,0,0
Boston University,22,52.4713716319022,23,51.92402607548316,22,52.906933413489945,22,52.43474274191117,-1,0,0
Maine,23,52.38026189832624,24,51.863673482757555,23,52.744447503380776,24,52.32299062888597,-1,0,-1
Michigan Tech,24,52.330066876184915,22,51.98404472648962,24,52.5500665688078,23,52.32554192195192,2,0,1
Miami,25,51.99173258055451,25,51.62802848326064,25,52.35273838269316,25,51.971313186392656,0,0,0
Bentley,26,51.82503568250927,26,51.61536755519501,26,52.207810775090095,26,51.826502320540556,0,0,0
Northeastern,27,51.722565936189895,28,51.1661436160042,27,52.12623261753093,27,51.70162321386598,-1,0,0
Arizona State,28,51.59459019359809,27,51.185231481105816,28,51.862214552133985,28,51.50474959755292,1,0,0
Princeton,29,51.45033744949125,29,51.15732929119977,29,51.741861428723944,29,51.45774384497975,0,0,0
LIU,30,51.36249514253401,30,51.12701085248296,30,51.73650255404715,31,51.351116479075436,0,0,-1
Merrimack,31,51.3277719040666,31,50.936990127560875,31,51.720728476552516,30,51.352627266605886,0,0,1
Union,32,51.170273994787635,32,50.91640042155306,32,51.47108220131514,32,51.177803410933365,0,0,0
Ohio State,33,51.079630673945736,34,50.78264769804267,34,51.289930069096044,34,51.02892834968523,-1,-1,-1
Sacred Heart,34,51.02961759049246,33,50.83287862026045,33,51.462302536066794,33,51.034497503501484,1,1,1
Colorado College,35,50.94856368071182,36,50.52376164928029,35,51.217540802186576,35,50.97964764436574,-1,0,0
Canisius,36,50.79756789611532,35,50.62190578456229,36,51.18713511563369,36,50.79971331988661,1,0,0
Lindenwood,37,50.782311965533836,37,50.506709532903464,37,51.02398272246088,37,50.770731026573316,0,0,0
New Hampshire,38,50.68240913027397,39,50.22980106992363,38,51.00737828924779,39,50.62692969408704,-1,0,-1
RIT,39,50.608672309629135,38,50.448801607929326,39,50.91103501140412,38,50.628287491661276,1,0,1
Clarkson,40,50.38081125091021,40,50.11683072271885,40,50.611482209347436,40,50.38362206539131,0,0,0
Minnesota,41,50.23009269001369,41,49.91924369552188,42,50.43566858030301,41,50.1859882196299,0,-1,0
Air Force,42,50.15712951599794,42,49.90394919663354,41,50.527015477377525,42,50.17510203367915,0,1,0
Omaha,43,49.515520303588644,44,49.016074964987986,43,49.82744795271332,43,49.50761151609045,-1,0,0
Holy Cross,44,49.30593459446492,43,49.08982557292876,44,49.65900471655632,44,49.30442203406419,1,0,0
Colgate,45,48.89156922435288,45,48.58181962575587,45,49.22270178748515,45,48.88565224492879,0,0,0
Bemidji State,46,48.71006520276392,47,48.302940326830075,47,48.91613702250143,46,48.70892588983622,-1,-1,0
Army,47,48.594239428346576,46,48.33791670343712,46,48.95719759151812,47,48.601031634337254,1,1,0
UMass Lowell,48,48.37530794916741,49,47.916947349886264,48,48.69382009799872,48,48.37861111156355,-1,0,0
Alaska,49,48.33613927577569,48,47.98095088632497,50,48.57730678930076,49,48.28047703530592,1,-1,0
Vermont,50,48.25846212142619,50,47.734021202446804,49,48.662608960964214,50,48.22683295142953,0,1,0
Lake Superior,51,47.93698715923702,51,47.56371185997606,51,48.146584688858745,51,47.92063589316513,0,0,0
Robert Morris,52,46.65281250378302,52,46.4787155172164,53,46.92265778696034,53,46.64740683309951,0,-1,-1
Yale,53,46.635419077334596,53,46.33997866333462,52,46.94549691095459,52,46.65094516798344,0,1,1
Notre Dame,54,46.22977780405288,54,45.972847063266244,54,46.45623710568268,54,46.18377025771913,0,0,0
RPI,55,44.64705992377647,55,44.375610328030064,55,44.93324888983382,55,44.639463975414955,0,0,0
Ferris State,56,44.04393389995497,57,43.68227996946737,57,44.20205163782828,56,44.00480715253961,-1,-1,0
Niagara,57,43.93264166135606,56,43.68279199865943,56,44.243321267974956,57,43.942456833670484,1,1,0
Brown,58,43.87679048885294,58,43.611523925000164,58,44.14449348730544,58,43.87529394667769,0,0,0
Stonehill,59,43.60943863536528,59,43.36304084223396,59,43.881134382872034,59,43.59877404648785,0,0,0
Northern Michigan,60,42.98054973985776,60,42.61132109399292,60,43.199141616237576,60,42.958952866385,0,0,0
Alaska Anchorage,61,42.85349111304905,61,42.564876073337004,61,43.08245437674158,61,42.82698078521463,0,0,0
St. Lawrence,62,41.27396056359696,62,41.04319141914417,62,41.50829880660463,62,41.265354278071214,0,0,0
Mercyhurst,63,40.96745220152201,63,40.7889323637787,63,41.220814308368034,63,40.970587391266385,0,0,0
