Date,HomeTeam,AwayTeam,NeutralSite,Season
2026-10-02,Niagara,RIT,False,20262027
2026-10-02,Colorado College,Massachusetts,False,20262027
2026-10-02,Minnesota Duluth,LIU,False,20262027
2026-10-02,Quinnipiac,New Hampshire,False,20262027
2026-10-02,Alaska Anchorage,Denver,False,20262027
2026-10-02,Lindenwood,Arizona State,False,20262027
2026-10-02,Alaska,Boston University,False,20262027
2026-10-02,St. Lawrence,mvl,False,20262027
2026-10-02,Michigan Tech,Minnesota,False,20262027
2026-10-02,Michigan,Bowling Green,False,20262027
2026-10-02,Wisconsin,Robert Morris,False,20262027
2026-10-02,Holy Cross,Maine,False,20262027
2026-10-02,Canisius,Ferris State,False,20262027
2026-10-02,Northern Michigan,Miami,False,20262027
2026-10-03,Alaska,Boston University,False,20262027
2026-10-03,Colorado College,Massachusetts,False,20262027
2026-10-03,Minnesota Duluth,LIU,False,20262027
2026-10-03,Quinnipiac,Merrimack,False,20262027
2026-10-03,Alaska Anchorage,Denver,False,20262027
2026-10-03,Lindenwood,Arizona State,False,20262027
2026-10-03,Northern Michigan,Miami,False,20262027
2026-10-03,Bemidji State,St. Cloud State,False,20262027
2026-10-03,Bowling Green,Michigan,False,20262027
2026-10-03,Michigan Tech,Minnesota,False,20262027
2026-10-03,Wisconsin,Robert Morris,False,20262027
2026-10-03,Holy Cross,Maine,False,20262027
2026-10-03,Army,Union,False,20262027
2026-10-03,Canisius,Ferris State,False,20262027
2026-10-03,RIT,Niagara,False,20262027
2026-10-08,Lindenwood,Lake Superior,False,20262027
2026-10-08,Western Michigan,Ferris State,False,20262027
2026-10-08,Merrimack,New Hampshire,False,20262027
2026-10-08,Notre Dame,Niagara,False,20262027
2026-10-09,Stonehill,Colgate,False,20262027
2026-10-09,St. Cloud State,Michigan Tech,False,20262027
2026-10-09,St. Thomas,Air Force,False,20262027
2026-10-09,UMass Lowell,Clarkson,False,20262027
2026-10-09,Maine,Quinnipiac,False,20262027
2026-10-09,Providence,St. Lawrence,False,20262027
2026-10-09,Boston College,Alaska,False,20262027
2026-10-09,Massachusetts,RIT,False,20262027
2026-10-09,RPI,Ohio State,False,20262027
2026-10-09,Lindenwood,Lake Superior,False,20262027
2026-10-09,Arizona State,Holy Cross,False,20262027
2026-10-09,Ferris State,Western Michigan,False,20262027
2026-10-09,Connecticut,Penn State,False,20262027
2026-10-09,Sacred Heart,Bowling Green,False,20262027
2026-10-09,Bentley,Vermont,False,20262027
2026-10-09,Notre Dame,Niagara,False,20262027
2026-10-09,LIU,Canisius,False,20262027
2026-10-09,Michigan,Alaska Anchorage,False,20262027
2026-10-09,Minnesota State,Wisconsin,False,20262027
2026-10-09,Bemidji State,North Dakota,False,20262027
2026-10-09,Augustana,Minnesota Duluth,False,20262027
2026-10-09,Michigan State,Northern Michigan,False,20262027
2026-10-10,St. Cloud State,Michigan Tech,False,20262027
2026-10-10,North Dakota,Bemidji State,False,20262027
2026-10-10,St. Thomas,Air Force,False,20262027
2026-10-10,Arizona State,Holy Cross,False,20262027
2026-10-10,UMass Lowell,St. Lawrence,False,20262027
2026-10-10,Providence,Clarkson,False,20262027
2026-10-10,Maine,Quinnipiac,False,20262027
2026-10-10,Massachusetts,RIT,False,20262027
2026-10-10,Union,Alaska,False,20262027
2026-10-10,LIU,Canisius,False,20262027
2026-10-10,Stonehill,Colgate,False,20262027
2026-10-10,Augustana,Minnesota Duluth,False,20262027
2026-10-10,Minnesota State,Wisconsin,False,20262027
2026-10-10,Michigan State,Northern Michigan,False,20262027
2026-10-10,Bentley,Northeastern,False,20262027
2026-10-10,Sacred Heart,Penn State,False,20262027
2026-10-10,Connecticut,Bowling Green,False,20262027
2026-10-10,RPI,Ohio State,False,20262027
2026-10-10,Michigan,Alaska Anchorage,False,20262027
2026-10-15,Boston College,St. Cloud State,False,20262027
2026-10-15,Miami,Robert Morris,False,20262027
2026-10-15,Augustana,Omaha,False,20262027
2026-10-15,Air Force,Lindenwood,False,20262027
2026-10-16,Connecticut,Colorado College,False,20262027
2026-10-16,Denver,Michigan,False,20262027
2026-10-16,Minnesota Duluth,Minnesota,False,20262027
2026-10-16,Western Michigan,Notre Dame,False,20262027
2026-10-16,North Dakota,Bentley,False,20262027
2026-10-16,UMass Lowell,Arizona State,False,20262027
2026-10-16,Merrimack,Minnesota State,False,20262027
2026-10-16,Colgate,New Hampshire,False,20262027
2026-10-16,RPI,LIU,False,20262027
2026-10-16,Union,Providence,False,20262027
2026-10-16,Alaska Anchorage,Lake Superior,False,20262027
2026-10-16,Michigan Tech,Alaska,False,20262027
2026-10-16,Northern Michigan,Stonehill,False,20262027
2026-10-16,Bowling Green,Niagara,False,20262027
2026-10-16,Penn State,Quinnipiac,False,20262027
2026-10-16,Air Force,Lindenwood,False,20262027
2026-10-16,Sacred Heart,Ohio State,False,20262027
2026-10-16,Massachusetts,Northeastern,False,20262027
2026-10-16,Vermont,Boston University,False,20262027
2026-10-16,Clarkson,Canisius,False,20262027
2026-10-17,Boston College,St. Cloud State,False,20262027
2026-10-17,Massachusetts,Northeastern,False,20262027
2026-10-17,Connecticut,Colorado College,False,20262027
2026-10-17,UMass Lowell,Arizona State,False,20262027
2026-10-17,Merrimack,Minnesota State,False,20262027
2026-10-17,Denver,Michigan,False,20262027
2026-10-17,Minnesota Duluth,Minnesota,False,20262027
2026-10-17,Omaha,Augustana,False,20262027
2026-10-17,North Dakota,Bentley,False,20262027
2026-10-17,RPI,LIU,False,20262027
2026-10-17,Colgate,New Hampshire,False,20262027
2026-10-17,Alaska Anchorage,Lake Superior,False,20262027
2026-10-17,Holy Cross,Army,False,20262027
2026-10-17,Vermont,Boston University,False,20262027
2026-10-17,Sacred Heart,Ohio State,False,20262027
2026-10-17,RIT,Michigan State,False,20262027
2026-10-17,Robert Morris,Miami,False,20262027
2026-10-17,Clarkson,Canisius,False,20262027
2026-10-17,Bowling Green,Niagara,False,20262027
2026-10-17,Northern Michigan,Stonehill,False,20262027
2026-10-17,Michigan Tech,Alaska,False,20262027
2026-10-17,Notre Dame,Western Michigan,False,20262027
2026-10-18,Holy Cross,Army,False,20262027
2026-10-20,Penn State,Robert Morris,False,20262027
2026-10-20,St. Lawrence,LIU,False,20262027
2026-10-22,Minnesota,North Dakota,False,20262027
2026-10-23,Minnesota,North Dakota,False,20262027
2026-10-23,Quinnipiac,Army,False,20262027
2026-10-23,Maine,Colgate,False,20262027
2026-10-23,Miami,Alaska Anchorage,False,20262027
2026-10-23,St. Thomas,Minnesota State,False,20262027
2026-10-23,Minnesota Duluth,Bemidji State,False,20262027
2026-10-23,Michigan,Western Michigan,False,20262027
2026-10-23,Denver,Boston College,False,20262027
2026-10-23,Colorado College,Air Force,False,20262027
2026-10-23,Notre Dame,Merrimack,False,20262027
2026-10-23,Vermont,Clarkson,False,20262027
2026-10-23,Penn State,Canisius,False,20262027
2026-10-23,Ohio State,Augustana,False,20262027
2026-10-23,Bentley,Robert Morris,False,20262027
2026-10-23,Holy Cross,Sacred Heart,False,20262027
2026-10-23,Ferris State,Michigan Tech,False,20262027
2026-10-23,Lake Superior,Bowling Green,False,20262027
2026-10-23,Lindenwood,Omaha,False,20262027
2026-10-23,UMass Lowell,Providence,False,20262027
2026-10-23,Niagara,Union,False,20262027
2026-10-23,RIT,RPI,False,20262027
2026-10-23,Connecticut,Boston University,False,20262027
2026-10-24,Denver,Boston College,False,20262027
2026-10-24,Miami,Alaska Anchorage,False,20262027
2026-10-24,Maine,Colgate,False,20262027
2026-10-24,Massachusetts,Stonehill,False,20262027
2026-10-24,New Hampshire,Michigan State,False,20262027
2026-10-24,Lindenwood,Omaha,False,20262027
2026-10-24,Bemidji State,Minnesota Duluth,False,20262027
2026-10-24,Minnesota State,St. Thomas,False,20262027
2026-10-24,Notre Dame,Merrimack,False,20262027
2026-10-24,Penn State,Canisius,False,20262027
2026-10-24,Air Force,Colorado College,False,20262027
2026-10-24,RIT,RPI,False,20262027
2026-10-24,Ferris State,Michigan Tech,False,20262027
2026-10-24,Lake Superior,Bowling Green,False,20262027
2026-10-24,Bentley,Robert Morris,False,20262027
2026-10-24,Sacred Heart,Holy Cross,False,20262027
2026-10-24,Ohio State,Augustana,False,20262027
2026-10-24,Niagara,Union,False,20262027
2026-10-25,Clarkson,Vermont,False,20262027
2026-10-29,Western Michigan,LIU,False,20262027
2026-10-29,Harvard,Massachusetts,False,20262027
2026-10-30,Army,RIT,False,20262027
2026-10-30,Western Michigan,LIU,False,20262027
2026-10-30,Massachusetts,Harvard,False,20262027
2026-10-30,Colgate,UMass Lowell,False,20262027
2026-10-30,Clarkson,Niagara,False,20262027
2026-10-30,Stonehill,Princeton,False,20262027
2026-10-30,Denver,Omaha,False,20262027
2026-10-30,St. Cloud State,Arizona State,False,20262027
2026-10-30,Miami,St. Thomas,False,20262027
2026-10-30,Cornell,Sacred Heart,False,20262027
2026-10-30,Vermont,New Hampshire,False,20262027
2026-10-30,Yale,Brown,False,20262027
2026-10-30,RPI,Union,False,20262027
2026-10-30,Minnesota State,Lake Superior,False,20262027
2026-10-30,Bemidji State,Ferris State,False,20262027
2026-10-30,Augustana,Northern Michigan,False,20262027
2026-10-30,Holy Cross,Bentley,False,20262027
2026-10-30,Robert Morris,Air Force,False,20262027
2026-10-30,Colorado College,Minnesota Duluth,False,20262027
2026-10-31,Colorado College,Minnesota Duluth,False,20262027
2026-10-31,Michigan State,North Dakota,True,20262027
2026-10-31,Stonehill,Princeton,False,20262027
2026-10-31,Clarkson,Niagara,False,20262027
2026-10-31,Colgate,UMass Lowell,False,20262027
2026-10-31,Dartmouth,Alaska,False,20262027
2026-10-31,Quinnipiac,Providence,False,20262027
2026-10-31,Denver,Omaha,False,20262027
2026-10-31,Cornell,Sacred Heart,False,20262027
2026-10-31,St. Cloud State,Arizona State,False,20262027
2026-10-31,Northeastern,Boston College,False,20262027
2026-10-31,Vermont,New Hampshire,False,20262027
2026-10-31,Miami,St. Thomas,False,20262027
2026-10-31,Merrimack,Connecticut,False,20262027
2026-10-31,Union,RPI,False,20262027
2026-10-31,Bemidji State,Ferris State,False,20262027
2026-10-31,Augustana,Northern Michigan,False,20262027
2026-10-31,Minnesota State,Lake Superior,False,20262027
2026-10-31,Army,RIT,False,20262027
2026-10-31,Robert Morris,Air Force,False,20262027
2026-10-31,Bentley,Holy Cross,False,20262027
2026-11-01,Dartmouth,Alaska,False,20262027
2026-11-05,Lake Superior,mvl,False,20262027
2026-11-05,Providence,Connecticut,False,20262027
2026-11-06,UMass Lowell,New Hampshire,False,20262027
2026-11-06,St. Thomas,Alaska Anchorage,False,20262027
2026-11-06,Colorado College,Lindenwood,False,20262027
2026-11-06,Merrimack,Holy Cross,False,20262027
2026-11-06,Stonehill,Alaska,False,20262027
2026-11-06,LIU,Robert Morris,False,20262027
2026-11-06,Michigan State,Boston University,False,20262027
2026-11-06,Minnesota Duluth,Miami,False,20262027
2026-11-06,Arizona State,Denver,False,20262027
2026-11-06,North Dakota,Western Michigan,False,20262027
2026-11-06,Omaha,St. Cloud State,False,20262027
2026-11-06,Boston College,Vermont,False,20262027
2026-11-06,Lake Superior,mvl,False,20262027
2026-11-06,Dartmouth,Yale,False,20262027
2026-11-06,Bentley,RIT,False,20262027
2026-11-06,Air Force,Army,False,20262027
2026-11-06,Northern Michigan,Minnesota State,False,20262027
2026-11-06,Bowling Green,Bemidji State,False,20262027
2026-11-06,Maine,Massachusetts,False,20262027
2026-11-06,Sacred Heart,Canisius,False,20262027
2026-11-06,St. Lawrence,RPI,False,20262027
2026-11-06,Clarkson,Union,False,20262027
2026-11-06,Harvard,Brown,False,20262027
2026-11-06,Colgate,Princeton,False,20262027
2026-11-06,Cornell,Quinnipiac,False,20262027
2026-11-06,Michigan Tech,Augustana,False,20262027
2026-11-07,Omaha,St. Cloud State,False,20262027
2026-11-07,Minnesota Duluth,Miami,False,20262027
2026-11-07,North Dakota,Western Michigan,False,20262027
2026-11-07,Holy Cross,Northeastern,False,20262027
2026-11-07,Stonehill,Alaska,False,20262027
2026-11-07,LIU,Robert Morris,False,20262027
2026-11-07,St. Thomas,Alaska Anchorage,False,20262027
2026-11-07,Colorado College,Lindenwood,False,20262027
2026-11-07,New Hampshire,UMass Lowell,False,20262027
2026-11-07,Michigan State,Boston University,False,20262027
2026-11-07,Maine,Massachusetts,False,20262027
2026-11-07,Connecticut,Providence,False,20262027
2026-11-07,Air Force,Army,False,20262027
2026-11-07,Clarkson,RPI,False,20262027
2026-11-07,Dartmouth,Brown,False,20262027
2026-11-07,St. Lawrence,Union,False,20262027
2026-11-07,Colgate,Quinnipiac,False,20262027
2026-11-07,Harvard,Yale,False,20262027
2026-11-07,Northern Michigan,Minnesota State,False,20262027
2026-11-07,Bowling Green,Bemidji State,False,20262027
2026-11-07,Michigan Tech,Augustana,False,20262027
2026-11-07,Cornell,Princeton,False,20262027
2026-11-07,Sacred Heart,Canisius,False,20262027
2026-11-07,Bentley,RIT,False,20262027
2026-11-08,Arizona State,Denver,False,20262027
2026-11-10,Boston University,Harvard,False,20262027
2026-11-12,Air Force,Bentley,False,20262027
2026-11-13,Northeastern,Connecticut,False,20262027
2026-11-13,Massachusetts,Boston College,False,20262027
2026-11-13,Miami,Omaha,False,20262027
2026-11-13,St. Cloud State,Minnesota Duluth,False,20262027
2026-11-13,Vermont,Maine,False,20262027
2026-11-13,Western Michigan,Colorado College,False,20262027
2026-11-13,Minnesota,Alaska Anchorage,False,20262027
2026-11-13,Denver,Lindenwood,False,20262027
2026-11-13,UMass Lowell,Union,False,20262027
2026-11-13,St. Thomas,North Dakota,False,20262027
2026-11-13,Providence,Merrimack,False,20262027
2026-11-13,New Hampshire,RPI,False,20262027
2026-11-13,Yale,Colgate,False,20262027
2026-11-13,Niagara,Holy Cross,False,20262027
2026-11-13,Army,Sacred Heart,False,20262027
2026-11-13,Air Force,Bentley,False,20262027
2026-11-13,Augustana,Ferris State,False,20262027
2026-11-13,Princeton,Harvard,False,20262027
2026-11-13,Michigan Tech,Lake Superior,False,20262027
2026-11-13,Northern Michigan,Bowling Green,False,20262027
2026-11-13,Quinnipiac,Dartmouth,False,20262027
2026-11-13,Brown,Cornell,False,20262027
2026-11-13,Bemidji State,Minnesota State,False,20262027
2026-11-14,Connecticut,Northeastern,False,20262027
2026-11-14,New Hampshire,Union,False,20262027
2026-11-14,Minnesota,Alaska Anchorage,False,20262027
2026-11-14,Miami,Omaha,False,20262027
2026-11-14,Western Michigan,Colorado College,False,20262027
2026-11-14,St. Thomas,North Dakota,False,20262027
2026-11-14,St. Cloud State,Minnesota Duluth,False,20262027
2026-11-14,Boston College,Massachusetts,False,20262027
2026-11-14,Vermont,Maine,False,20262027
2026-11-14,Merrimack,Providence,False,20262027
2026-11-14,Michigan Tech,Lake Superior,False,20262027
2026-11-14,Brown,Colgate,False,20262027
2026-11-14,Yale,Cornell,False,20262027
2026-11-14,Princeton,Dartmouth,False,20262027
2026-11-14,Northern Michigan,Bowling Green,False,20262027
2026-11-14,UMass Lowell,RPI,False,20262027
2026-11-14,Bemidji State,Minnesota State,False,20262027
2026-11-14,Augustana,Ferris State,False,20262027
2026-11-14,Army,Sacred Heart,False,20262027
2026-11-14,RIT,Canisius,False,20262027
2026-11-14,Niagara,Holy Cross,False,20262027
2026-11-14,Quinnipiac,Harvard,False,20262027
2026-11-14,Denver,Lindenwood,False,20262027
2026-11-18,Boston University,Quinnipiac,False,20262027
2026-11-19,Massachusetts,Providence,False,20262027
2026-11-19,Stonehill,Northeastern,False,20262027
2026-11-20,Stonehill,Northeastern,False,20262027
2026-11-20,Lindenwood,LIU,False,20262027
2026-11-20,Alaska,Alaska Anchorage,False,20262027
2026-11-20,Minnesota Duluth,Arizona State,False,20262027
2026-11-20,Denver,St. Thomas,False,20262027
2026-11-20,Colorado College,Miami,False,20262027
2026-11-20,North Dakota,St. Cloud State,False,20262027
2026-11-20,UMass Lowell,Vermont,False,20262027
2026-11-20,Maine,Boston College,False,20262027
2026-11-20,Connecticut,New Hampshire,False,20262027
2026-11-20,Omaha,Western Michigan,False,20262027
2026-11-20,RPI,Brown,False,20262027
2026-11-20,Colgate,St. Lawrence,False,20262027
2026-11-20,Cornell,Clarkson,False,20262027
2026-11-20,Ferris State,Northern Michigan,False,20262027
2026-11-20,Lake Superior,Bemidji State,False,20262027
2026-11-20,Bowling Green,Augustana,False,20262027
2026-11-20,Minnesota State,Michigan Tech,False,20262027
2026-11-20,Sacred Heart,Robert Morris,False,20262027
2026-11-20,Niagara,Canisius,False,20262027
2026-11-20,Union,Yale,False,20262027
2026-11-21,UMass Lowell,Vermont,False,20262027
2026-11-21,Omaha,Western Michigan,False,20262027
2026-11-21,North Dakota,St. Cloud State,False,20262027
2026-11-21,Denver,St. Thomas,False,20262027
2026-11-21,Princeton,Air Force,False,20262027
2026-11-21,Minnesota Duluth,Arizona State,False,20262027
2026-11-21,Lindenwood,LIU,False,20262027
2026-11-21,Alaska,Alaska Anchorage,False,20262027
2026-11-21,Quinnipiac,Holy Cross,False,20262027
2026-11-21,Colorado College,Miami,False,20262027
2026-11-21,New Hampshire,Connecticut,False,20262027
2026-11-21,Colgate,Clarkson,False,20262027
2026-11-21,Providence,Massachusetts,False,20262027
2026-11-21,Cornell,St. Lawrence,False,20262027
2026-11-21,Union,Brown,False,20262027
2026-11-21,RPI,Yale,False,20262027
2026-11-21,Ferris State,Northern Michigan,False,20262027
2026-11-21,Lake Superior,Bemidji State,False,20262027
2026-11-21,Bowling Green,Augustana,False,20262027
2026-11-21,Minnesota State,Michigan Tech,False,20262027
2026-11-21,Canisius,Niagara,False,20262027
2026-11-21,Sacred Heart,Robert Morris,False,20262027
2026-11-21,Maine,Boston College,False,20262027
2026-11-22,Princeton,Air Force,False,20262027
2026-11-24,Brown,Northeastern,False,20262027
2026-11-24,Harvard,Bentley,False,20262027
2026-11-24,Niagara,Canisius,False,20262027
2026-11-25,Notre Dame,Bowling Green,False,20262027
2026-11-25,Bemidji State,St. Thomas,False,20262027
2026-11-27,Omaha,Yale,False,20262027
2026-11-27,Colorado College,Alaska,False,20262027
2026-11-27,Arizona State,Alaska Anchorage,False,20262027
2026-11-27,North Dakota,Lindenwood,False,20262027
2026-11-27,Boston University,Denver,False,20262027
2026-11-27,Vermont,St. Cloud State,False,20262027
2026-11-27,Merrimack,St. Lawrence,True,20262027
2026-11-27,Union,Ohio State,False,20262027
2026-11-27,Clarkson,RIT,True,20262027
2026-11-27,RPI,Army,False,20262027
2026-11-27,Minnesota,Minnesota State,False,20262027
2026-11-27,Bowling Green,mvl,False,20262027
2026-11-27,Notre Dame,Boston College,False,20262027
2026-11-27,Michigan,Ferris State,False,20262027
2026-11-27,Minnesota Duluth,Providence,True,20262027
2026-11-27,Connecticut,Colgate,True,20262027
2026-11-27,Harvard,Dartmouth,False,20262027
2026-11-27,Holy Cross,Air Force,False,20262027
2026-11-27,Robert Morris,Niagara,False,20262027
2026-11-27,Stonehill,Miami,False,20262027
2026-11-28,New Hampshire,Brown,False,20262027
2026-11-28,Maine,Cornell,True,20262027
2026-11-28,Merrimack,Clarkson,True,20262027
2026-11-28,Vermont,St. Cloud State,False,20262027
2026-11-28,Omaha,Yale,False,20262027
2026-11-28,St. Thomas,Bemidji State,False,20262027
2026-11-28,North Dakota,Lindenwood,False,20262027
2026-11-28,Arizona State,Alaska Anchorage,False,20262027
2026-11-28,Union,Ohio State,False,20262027
2026-11-28,Boston University,Denver,False,20262027
2026-11-28,Stonehill,Miami,False,20262027
2026-11-28,Colorado College,Alaska,False,20262027
2026-11-28,Michigan,Ferris State,False,20262027
2026-11-28,Wisconsin,Canisius,False,20262027
2026-11-28,RIT,St. Lawrence,True,20262027
2026-11-28,Army,RPI,False,20262027
2026-11-28,Bentley,LIU,False,20262027
2026-11-28,Minnesota Duluth,UConn/Colgate,True,20262027
2026-11-28,Connecticut,Providence/UMD,True,20262027
2026-11-28,Providence/UMD,Colgate,True,20262027
2026-11-28,Robert Morris,Niagara,False,20262027
2026-11-28,Holy Cross,Air Force,False,20262027
2026-11-28,Minnesota State,Minnesota,False,20262027
2026-11-29,Harvard,Boston College,False,20262027
2026-11-29,Dartmouth,Northeastern,False,20262027
2026-11-29,Wisconsin,Canisius,False,20262027
2026-11-29,Bentley,LIU,False,20262027
2026-11-29,Princeton,Quinnipiac,False,20262027
2026-12-01,Brown,Sacred Heart,False,20262027
2026-12-04,Colgate,RIT,False,20262027
2026-12-04,Alaska Anchorage,Alaska,False,20262027
2026-12-04,LIU,Sacred Heart,False,20262027
2026-12-04,Arizona State,Colorado College,False,20262027
2026-12-04,Cornell,Boston University,False,20262027
2026-12-04,Western Michigan,Miami,False,20262027
2026-12-04,Denver,North Dakota,False,20262027
2026-12-04,Boston College,UMass Lowell,False,20262027
2026-12-04,New Hampshire,Maine,False,20262027
2026-12-04,Massachusetts,Northeastern,False,20262027
2026-12-04,St. Thomas,Omaha,False,20262027
2026-12-04,Union,Dartmouth,False,20262027
2026-12-04,RPI,Harvard,False,20262027
2026-12-04,Quinnipiac,St. Lawrence,False,20262027
2026-12-04,Northern Michigan,Michigan Tech,False,20262027
2026-12-04,Ferris State,Lake Superior,False,20262027
2026-12-04,Augustana,Bemidji State,False,20262027
2026-12-04,Minnesota State,Bowling Green,False,20262027
2026-12-04,Army,Bentley,False,20262027
2026-12-04,Air Force,Niagara,False,20262027
2026-12-04,Canisius,Robert Morris,False,20262027
2026-12-04,Princeton,Clarkson,False,20262027
2026-12-05,Arizona State,Colorado College,False,20262027
2026-12-05,St. Thomas,Omaha,False,20262027
2026-12-05,Western Michigan,Miami,False,20262027
2026-12-05,Denver,North Dakota,False,20262027
2026-12-05,Colgate,Boston University,False,20262027
2026-12-05,Alaska Anchorage,Alaska,False,20262027
2026-12-05,Stonehill,Yale,False,20262027
2026-12-05,Cornell,RIT,False,20262027
2026-12-05,New Hampshire,Maine,False,20262027
2026-12-05,Merrimack,Brown,False,20262027
2026-12-05,Sacred Heart,LIU,False,20262027
2026-12-05,Vermont,Providence,False,20262027
2026-12-05,Quinnipiac,Clarkson,False,20262027
2026-12-05,UMass Lowell,Boston College,False,20262027
2026-12-05,Union,Harvard,False,20262027
2026-12-05,Princeton,St. Lawrence,False,20262027
2026-12-05,RPI,Dartmouth,False,20262027
2026-12-05,Michigan Tech,Northern Michigan,False,20262027
2026-12-05,Ferris State,Lake Superior,False,20262027
2026-12-05,Augustana,Bemidji State,False,20262027
2026-12-05,Minnesota State,Bowling Green,False,20262027
2026-12-05,Air Force,Niagara,False,20262027
2026-12-05,Army,Bentley,False,20262027
2026-12-05,Canisius,Robert Morris,False,20262027
2026-12-05,Massachusetts,Northeastern,False,20262027
2026-12-06,Brown,Stonehill,False,20262027
2026-12-08,Cornell,Holy Cross,False,20262027
2026-12-10,St. Lawrence,Vermont,False,20262027
2026-12-10,Dartmouth,Stonehill,False,20262027
2026-12-10,Penn State,Army,True,20262027
2026-12-10,Wisconsin,Omaha,False,20262027
2026-12-11,North Dakota,Minnesota Duluth,False,20262027
2026-12-11,Alaska,Union,False,20262027
2026-12-11,Alaska Anchorage,LIU,False,20262027
2026-12-11,Lindenwood,mvl,False,20262027
2026-12-11,Wisconsin,Omaha,False,20262027
2026-12-11,Ohio State,Connecticut,False,20262027
2026-12-11,Colorado College,St. Thomas,False,20262027
2026-12-11,Arizona State,Western Michigan,False,20262027
2026-12-11,St. Cloud State,Denver,False,20262027
2026-12-11,Providence,New Hampshire,False,20262027
2026-12-11,Merrimack,Massachusetts,False,20262027
2026-12-11,Boston University,Northeastern,False,20262027
2026-12-11,Lake Superior,Minnesota State,False,20262027
2026-12-11,Bemidji State,Michigan Tech,False,20262027
2026-12-11,Bowling Green,Ferris State,False,20262027
2026-12-11,Northern Michigan,Augustana,False,20262027
2026-12-11,UMass Lowell,Maine,False,20262027
2026-12-12,Ohio State,Connecticut,False,20262027
2026-12-12,Penn State,Army,False,20262027
2026-12-12,Alaska Anchorage,LIU,False,20262027
2026-12-12,North Dakota,Minnesota Duluth,False,20262027
2026-12-12,Quinnipiac,Stonehill,False,20262027
2026-12-12,Vermont,St. Lawrence,False,20262027
2026-12-12,Alaska,Union,False,20262027
2026-12-12,Colorado College,St. Thomas,False,20262027
2026-12-12,Boston University,Northeastern,False,20262027
2026-12-12,Arizona State,Western Michigan,False,20262027
2026-12-12,Massachusetts,Merrimack,False,20262027
2026-12-12,St. Cloud State,Denver,False,20262027
2026-12-12,Bemidji State,Michigan Tech,False,20262027
2026-12-12,Lake Superior,Minnesota State,False,20262027
2026-12-12,Northern Michigan,Augustana,False,20262027
2026-12-12,Bowling Green,Ferris State,False,20262027
2026-12-12,RIT,Niagara,False,20262027
2026-12-13,Dartmouth,New Hampshire,False,20262027
2026-12-15,Dartmouth,Holy Cross,False,20262027
2026-12-16,St. Cloud State,Bemidji State,False,20262027
2026-12-18,Augustana,Alaska,False,20262027
2026-12-18,Augsburg,Alaska,False,20262027
2026-12-19,Augustana,Alaska,False,20262027
2026-12-19,Maine,Army,False,20262027
2026-12-19,Vermont,Dartmouth,False,20262027
2026-12-19,Augsburg,Alaska,False,20262027
2026-12-28,Ferris State,St. Lawrence,True,20262027
2026-12-28,LIU,Army,False,20262027
2026-12-29,Massachusetts,Arizona State,True,20262027
2026-12-29,Sacred Heart,Yale,False,20262027
2026-12-29,liu or army,St. Lawrence,True,20262027
2026-12-29,LIU,SLU / FSU,False,20262027
2026-12-30,Wisconsin/NMU,Arizona State,True,20262027
2026-12-31,Penn State,Niagara,False,20262027
2026-12-31,Alaska Anchorage,Colorado College,False,20262027
2027-01-01,North Dakota,Clarkson,False,20262027
2027-01-01,Providence,St. Thomas,False,20262027
2027-01-01,Maine,Miami,False,20262027
2027-01-01,Union,Bentley,False,20262027
2027-01-01,St. Cloud State,Alaska,False,20262027
2027-01-01,Bowling Green,Denver,False,20262027
2027-01-01,Notre Dame,Stonehill,False,20262027
2027-01-01,Yale,Harvard,False,20262027
2027-01-01,Brown,Dartmouth,False,20262027
2027-01-01,Alaska Anchorage,Colorado College,False,20262027
2027-01-02,North Dakota,Clarkson,False,20262027
2027-01-02,Omaha,Cornell,False,20262027
2027-01-02,St. Cloud State,Alaska,False,20262027
2027-01-02,Maine,Miami,False,20262027
2027-01-02,New Hampshire,RIT,False,20262027
2027-01-02,RPI,Vermont,False,20262027
2027-01-02,Union,Bentley,False,20262027
2027-01-02,Quinnipiac,mvl,False,20262027
2027-01-02,LIU,Northeastern,False,20262027
2027-01-02,Providence,St. Thomas,False,20262027
2027-01-02,Notre Dame,Stonehill,False,20262027
2027-01-02,Robert Morris,St. Lawrence,False,20262027
2027-01-02,Air Force,Lake Superior,False,20262027
2027-01-02,Niagara,Penn State,False,20262027
2027-01-02,Connecticut,Merrimack,False,20262027
2027-01-02,Yale,Dartmouth,False,20262027
2027-01-02,Brown,Harvard,False,20262027
2027-01-02,Canisius,Sacred Heart,False,20262027
2027-01-02,Bowling Green,Denver,False,20262027
2027-01-03,Robert Morris,St. Lawrence,False,20262027
2027-01-03,Air Force,Lake Superior,False,20262027
2027-01-03,Omaha,Cornell,False,20262027
2027-01-03,Canisius,Sacred Heart,False,20262027
2027-01-03,Holy Cross,mvl,False,20262027
2027-01-05,Brown,Army,False,20262027
2027-01-07,UMass Lowell,Connecticut,False,20262027
2027-01-08,RPI,Colgate,False,20262027
2027-01-08,Boston College,Stonehill,False,20262027
2027-01-08,Lindenwood,mvl,False,20262027
2027-01-08,St. Thomas,St. Cloud State,False,20262027
2027-01-08,Omaha,Arizona State,False,20262027
2027-01-08,Minnesota Duluth,Colorado College,False,20262027
2027-01-08,Miami,North Dakota,False,20262027
2027-01-08,Maine,Providence,False,20262027
2027-01-08,Merrimack,New Hampshire,False,20262027
2027-01-08,St. Lawrence,Yale,False,20262027
2027-01-08,Union,Cornell,False,20262027
2027-01-08,Western Michigan,Denver,False,20262027
2027-01-08,Clarkson,Brown,False,20262027
2027-01-08,Harvard,Quinnipiac,False,20262027
2027-01-08,RIT,Robert Morris,False,20262027
2027-01-08,Niagara,Bentley,False,20262027
2027-01-08,Canisius,Holy Cross,False,20262027
2027-01-08,Sacred Heart,Air Force,False,20262027
2027-01-08,Bowling Green,Lake Superior,False,20262027
2027-01-08,Ferris State,Minnesota State,False,20262027
2027-01-08,Northern Michigan,Bemidji State,False,20262027
2027-01-08,Dartmouth,Princeton,False,20262027
2027-01-08,Augustana,Michigan Tech,False,20262027
2027-01-09,Lindenwood,mvl,False,20262027
2027-01-09,Omaha,Arizona State,False,20262027
2027-01-09,Minnesota Duluth,Colorado College,False,20262027
2027-01-09,Clarkson,Yale,False,20262027
2027-01-09,Western Michigan,Denver,False,20262027
2027-01-09,St. Thomas,St. Cloud State,False,20262027
2027-01-09,Miami,North Dakota,False,20262027
2027-01-09,Maine,Providence,False,20262027
2027-01-09,New Hampshire,Merrimack,False,20262027
2027-01-09,Massachusetts,Boston University,False,20262027
2027-01-09,RPI,Cornell,False,20262027
2027-01-09,Canisius,Holy Cross,False,20262027
2027-01-09,Harvard,Princeton,False,20262027
2027-01-09,Sacred Heart,Air Force,False,20262027
2027-01-09,Niagara,Bentley,False,20262027
2027-01-09,RIT,Robert Morris,False,20262027
2027-01-09,Augustana,Michigan Tech,False,20262027
2027-01-09,Dartmouth,Quinnipiac,False,20262027
2027-01-09,Ferris State,Minnesota State,False,20262027
2027-01-09,Northern Michigan,Bemidji State,False,20262027
2027-01-09,Union,Colgate,False,20262027
2027-01-09,St. Lawrence,Brown,False,20262027
2027-01-09,Bowling Green,Lake Superior,False,20262027
2027-01-15,Connecticut,Maine,False,20262027
2027-01-15,Providence,Boston College,False,20262027
2027-01-15,New Hampshire,Northeastern,False,20262027
2027-01-15,Vermont,Merrimack,False,20262027
2027-01-15,UMass Lowell,Boston University,False,20262027
2027-01-15,Arizona State,Minnesota Duluth,False,20262027
2027-01-15,St. Cloud State,Miami,False,20262027
2027-01-15,Western Michigan,Omaha,False,20262027
2027-01-15,Quinnipiac,Colgate,False,20262027
2027-01-15,LIU,Alaska,False,20262027
2027-01-15,North Dakota,St. Thomas,False,20262027
2027-01-15,Stonehill,Lindenwood,False,20262027
2027-01-15,Yale,RPI,False,20262027
2027-01-15,Harvard,Clarkson,False,20262027
2027-01-15,Princeton,Cornell,False,20262027
2027-01-15,Dartmouth,St. Lawrence,False,20262027
2027-01-15,Michigan Tech,Ferris State,False,20262027
2027-01-15,Lake Superior,Northern Michigan,False,20262027
2027-01-15,Bemidji State,Bowling Green,False,20262027
2027-01-15,Minnesota State,Augustana,False,20262027
2027-01-15,Air Force,RIT,False,20262027
2027-01-15,Holy Cross,Niagara,False,20262027
2027-01-15,Robert Morris,Army,False,20262027
2027-01-15,Bentley,Sacred Heart,False,20262027
2027-01-15,Brown,Union,False,20262027
2027-01-16,Harvard,St. Lawrence,False,20262027
2027-01-16,Vermont,Merrimack,False,20262027
2027-01-16,Boston College,Providence,False,20262027
2027-01-16,Arizona State,Minnesota Duluth,False,20262027
2027-01-16,LIU,Alaska,False,20262027
2027-01-16,Western Michigan,Omaha,False,20262027
2027-01-16,Denver,Colorado College,False,20262027
2027-01-16,North Dakota,St. Thomas,False,20262027
2027-01-16,Stonehill,Lindenwood,False,20262027
2027-01-16,St. Cloud State,Miami,False,20262027
2027-01-16,Quinnipiac,Cornell,False,20262027
2027-01-16,Yale,Union,False,20262027
2027-01-16,Princeton,Colgate,False,20262027
2027-01-16,Brown,RPI,False,20262027
2027-01-16,Michigan Tech,Ferris State,False,20262027
2027-01-16,Lake Superior,Northern Michigan,False,20262027
2027-01-16,Bemidji State,Bowling Green,False,20262027
2027-01-16,Minnesota State,Augustana,False,20262027
2027-01-16,Robert Morris,Army,False,20262027
2027-01-16,Air Force,RIT,False,20262027
2027-01-16,Holy Cross,Niagara,False,20262027
2027-01-16,Bentley,Sacred Heart,False,20262027
2027-01-16,Dartmouth,Clarkson,False,20262027
2027-01-21,Bentley,Stonehill,False,20262027
2027-01-22,Lindenwood,Alaska,False,20262027
2027-01-22,St. Thomas,Western Michigan,False,20262027
2027-01-22,Miami,Arizona State,False,20262027
2027-01-22,Omaha,North Dakota,False,20262027
2027-01-22,Colorado College,St. Cloud State,False,20262027
2027-01-22,Minnesota Duluth,Denver,False,20262027
2027-01-22,Maine,UMass Lowell,False,20262027
2027-01-22,Massachusetts,Vermont,False,20262027
2027-01-22,Boston University,Providence,False,20262027
2027-01-22,LIU,Alaska Anchorage,False,20262027
2027-01-22,Colgate,Dartmouth,False,20262027
2027-01-22,St. Lawrence,Clarkson,False,20262027
2027-01-22,Cornell,Harvard,False,20262027
2027-01-22,Yale,Princeton,False,20262027
2027-01-22,Michigan Tech,Northern Michigan,False,20262027
2027-01-22,Bowling Green,Minnesota State,False,20262027
2027-01-22,Augustana,Lake Superior,False,20262027
2027-01-22,Robert Morris,Sacred Heart,False,20262027
2027-01-22,Niagara,Air Force,False,20262027
2027-01-22,RIT,Holy Cross,False,20262027
2027-01-22,Army,Canisius,False,20262027
2027-01-22,Brown,Quinnipiac,False,20262027
2027-01-23,Massachusetts,Vermont,False,20262027
2027-01-23,Maine,UMass Lowell,False,20262027
2027-01-23,Miami,Arizona State,False,20262027
2027-01-23,St. Thomas,Western Michigan,False,20262027
2027-01-23,Providence,Boston University,False,20262027
2027-01-23,Minnesota Duluth,Denver,False,20262027
2027-01-23,Omaha,North Dakota,False,20262027
2027-01-23,Lindenwood,Alaska,False,20262027
2027-01-23,Colorado College,St. Cloud State,False,20262027
2027-01-23,Colgate,Harvard,False,20262027
2027-01-23,LIU,Alaska Anchorage,False,20262027
2027-01-23,Clarkson,St. Lawrence,False,20262027
2027-01-23,Yale,Quinnipiac,False,20262027
2027-01-23,Brown,Princeton,False,20262027
2027-01-23,Northern Michigan,Michigan Tech,False,20262027
2027-01-23,Bowling Green,Minnesota State,False,20262027
2027-01-23,Augustana,Lake Superior,False,20262027
2027-01-23,Army,Canisius,False,20262027
2027-01-23,RIT,Holy Cross,False,20262027
2027-01-23,Niagara,Air Force,False,20262027
2027-01-23,Robert Morris,Sacred Heart,False,20262027
2027-01-23,Cornell,Dartmouth,False,20262027
2027-01-23,Union,RPI,False,20262027
2027-01-26,Quinnipiac,Princeton,False,20262027
2027-01-29,Canisius,Bentley,False,20262027
2027-01-29,Harvard,Vermont,False,20262027
2027-01-29,Stonehill,Alaska Anchorage,False,20262027
2027-01-29,LIU,Lindenwood,False,20262027
2027-01-29,Boston College,Boston University,False,20262027
2027-01-29,Cornell,Colgate,False,20262027
2027-01-29,Omaha,Minnesota Duluth,False,20262027
2027-01-29,Union,St. Lawrence,False,20262027
2027-01-29,Lake Superior,Michigan Tech,False,20262027
2027-01-29,Northern Michigan,Ferris State,False,20262027
2027-01-29,Minnesota State,Bemidji State,False,20262027
2027-01-29,RIT,Army,False,20262027
2027-01-29,RPI,Clarkson,False,20262027
2027-01-30,Colorado College,Denver,False,20262027
2027-01-30,Western Michigan,Michigan,False,20262027
2027-01-30,Brown,Princeton,False,20262027
2027-01-30,Stonehill,Alaska Anchorage,False,20262027
2027-01-30,LIU,Lindenwood,False,20262027
2027-01-30,Omaha,Minnesota Duluth,False,20262027
2027-01-30,Union,Clarkson,False,20262027
2027-01-30,RIT,Army,False,20262027
2027-01-30,RPI,St. Lawrence,False,20262027
2027-01-30,Lake Superior,Michigan Tech,False,20262027
2027-01-30,Northern Michigan,Ferris State,False,20262027
2027-01-30,Minnesota State,Bemidji State,False,20262027
2027-01-30,Canisius,Bentley,False,20262027
2027-01-30,Holy Cross,Robert Morris,False,20262027
2027-01-30,Colgate,Cornell,False,20262027
2027-01-31,Holy Cross,Robert Morris,False,20262027
2027-01-31,Merrimack,Dartmouth,False,20262027
2027-02-01,Northeastern,Harvard,True,20262027
2027-02-01,Boston College,Boston University,True,20262027
2027-02-02,Providence,Brown,False,20262027
2027-02-05,Bentley,Holy Cross,False,20262027
2027-02-05,Lindenwood,Stonehill,False,20262027
2027-02-05,North Dakota,Colorado College,False,20262027
2027-02-05,Denver,Arizona State,False,20262027
2027-02-05,Western Michigan,St. Cloud State,False,20262027
2027-02-05,St. Thomas,Miami,False,20262027
2027-02-05,UMass Lowell,Merrimack,False,20262027
2027-02-05,Connecticut,Northeastern,False,20262027
2027-02-05,Maine,Boston University,False,20262027
2027-02-05,Dartmouth,Harvard,False,20262027
2027-02-05,St. Lawrence,Cornell,False,20262027
2027-02-05,Vermont,Boston College,False,20262027
2027-02-05,Clarkson,Colgate,False,20262027
2027-02-05,Canisius,Air Force,False,20262027
2027-02-05,Brown,Yale,False,20262027
2027-02-05,Sacred Heart,RIT,False,20262027
2027-02-05,Michigan Tech,Minnesota State,False,20262027
2027-02-05,Bowling Green,Northern Michigan,False,20262027
2027-02-05,Army,Niagara,False,20262027
2027-02-05,Ferris State,Augustana,False,20262027
2027-02-05,Quinnipiac,RPI,False,20262027
2027-02-05,Princeton,Union,False,20262027
2027-02-05,Bemidji State,Lake Superior,False,20262027
2027-02-06,Clarkson,Cornell,False,20262027
2027-02-06,Providence,LIU,False,20262027
2027-02-06,Lindenwood,Stonehill,False,20262027
2027-02-06,St. Thomas,Miami,False,20262027
2027-02-06,Western Michigan,St. Cloud State,False,20262027
2027-02-06,Denver,Arizona State,False,20262027
2027-02-06,North Dakota,Colorado College,False,20262027
2027-02-06,New Hampshire,Massachusetts,False,20262027
2027-02-06,Princeton,RPI,False,20262027
2027-02-06,Holy Cross,Bentley,False,20262027
2027-02-06,Quinnipiac,Union,False,20262027
2027-02-06,Bowling Green,Northern Michigan,False,20262027
2027-02-06,Ferris State,Augustana,False,20262027
2027-02-06,Bemidji State,Lake Superior,False,20262027
2027-02-06,Michigan Tech,Minnesota State,False,20262027
2027-02-06,Army,Niagara,False,20262027
2027-02-06,Canisius,Air Force,False,20262027
2027-02-06,Sacred Heart,RIT,False,20262027
2027-02-06,St. Lawrence,Colgate,False,20262027
2027-02-07,Robert Morris,Penn State,False,20262027
2027-02-08,Northeastern,BC/BU,True,20262027
2027-02-08,Boston College,Harvard/Northeastern,True,20262027
2027-02-08,BC/BU,Harvard,True,20262027
2027-02-08,Boston University,Northeastern/Harvard,True,20262027
2027-02-12,Stonehill,LIU,False,20262027
2027-02-12,Alaska Anchorage,Lindenwood,False,20262027
2027-02-12,Minnesota Duluth,St. Thomas,False,20262027
2027-02-12,Miami,Denver,False,20262027
2027-02-12,Colorado College,Western Michigan,False,20262027
2027-02-12,St. Cloud State,Omaha,False,20262027
2027-02-12,Arizona State,North Dakota,False,20262027
2027-02-12,UMass Lowell,Northeastern,False,20262027
2027-02-12,Massachusetts,New Hampshire,False,20262027
2027-02-12,Merrimack,Maine,False,20262027
2027-02-12,Providence,Vermont,False,20262027
2027-02-12,St. Lawrence,Princeton,False,20262027
2027-02-12,Dartmouth,RPI,False,20262027
2027-02-12,Colgate,Brown,False,20262027
2027-02-12,Clarkson,Quinnipiac,False,20262027
2027-02-12,Harvard,Union,False,20262027
2027-02-12,Ferris State,Bemidji State,False,20262027
2027-02-12,Augustana,Bowling Green,False,20262027
2027-02-12,RIT,Bentley,False,20262027
2027-02-12,Air Force,Holy Cross,False,20262027
2027-02-12,Robert Morris,Canisius,False,20262027
2027-02-12,Sacred Heart,Army,False,20262027
2027-02-12,Cornell,Yale,False,20262027
2027-02-13,UMass Lowell,Northeastern,False,20262027
2027-02-13,Connecticut,Boston College,False,20262027
2027-02-13,Arizona State,North Dakota,False,20262027
2027-02-13,St. Cloud State,Omaha,False,20262027
2027-02-13,Massachusetts,New Hampshire,False,20262027
2027-02-13,Miami,Denver,False,20262027
2027-02-13,Minnesota Duluth,St. Thomas,False,20262027
2027-02-13,Alaska Anchorage,Lindenwood,False,20262027
2027-02-13,Stonehill,LIU,False,20262027
2027-02-13,Colorado College,Western Michigan,False,20262027
2027-02-13,Clarkson,Princeton,False,20262027
2027-02-13,Dartmouth,Union,False,20262027
2027-02-13,Cornell,Brown,False,20262027
2027-02-13,Harvard,RPI,False,20262027
2027-02-13,St. Lawrence,Quinnipiac,False,20262027
2027-02-13,Colgate,Yale,False,20262027
2027-02-13,Ferris State,Bemidji State,False,20262027
2027-02-13,Augustana,Bowling Green,False,20262027
2027-02-13,RIT,Bentley,False,20262027
2027-02-13,Sacred Heart,Army,False,20262027
2027-02-13,Air Force,Holy Cross,False,20262027
2027-02-13,Robert Morris,Canisius,False,20262027
2027-02-19,Vermont,Connecticut,False,20262027
2027-02-19,Providence,Northeastern,False,20262027
2027-02-19,Merrimack,Boston College,False,20262027
2027-02-19,Omaha,Colorado College,False,20262027
2027-02-19,St. Thomas,Arizona State,False,20262027
2027-02-19,Harvard,Colgate,False,20262027
2027-02-19,Denver,St. Cloud State,False,20262027
2027-02-19,North Dakota,Miami,False,20262027
2027-02-19,LIU,Stonehill,False,20262027
2027-02-19,Boston University,New Hampshire,False,20262027
2027-02-19,Western Michigan,Minnesota Duluth,False,20262027
2027-02-19,Union,Quinnipiac,False,20262027
2027-02-19,Brown,St. Lawrence,False,20262027
2027-02-19,Dartmouth,Cornell,False,20262027
2027-02-19,RPI,Princeton,False,20262027
2027-02-19,Yale,Clarkson,False,20262027
2027-02-19,Lake Superior,Ferris State,False,20262027
2027-02-19,Bowling Green,Michigan Tech,False,20262027
2027-02-19,Minnesota State,Northern Michigan,False,20262027
2027-02-19,Bemidji State,Augustana,False,20262027
2027-02-19,Bentley,Canisius,False,20262027
2027-02-19,Robert Morris,RIT,False,20262027
2027-02-19,Niagara,Sacred Heart,False,20262027
2027-02-20,Vermont,Connecticut,False,20262027
2027-02-20,New Hampshire,Boston University,False,20262027
2027-02-20,UMass Lowell,Massachusetts,False,20262027
2027-02-20,North Dakota,Miami,False,20262027
2027-02-20,Alaska Anchorage,Alaska,False,20262027
2027-02-20,St. Thomas,Arizona State,False,20262027
2027-02-20,Omaha,Colorado College,False,20262027
2027-02-20,LIU,Stonehill,False,20262027
2027-02-20,Yale,St. Lawrence,False,20262027
2027-02-20,Western Michigan,Minnesota Duluth,False,20262027
2027-02-20,RPI,Quinnipiac,False,20262027
2027-02-20,Denver,St. Cloud State,False,20262027
2027-02-20,Harvard,Cornell,False,20262027
2027-02-20,Brown,Clarkson,False,20262027
2027-02-20,Union,Princeton,False,20262027
2027-02-20,Minnesota State,Northern Michigan,False,20262027
2027-02-20,Bowling Green,Michigan Tech,False,20262027
2027-02-20,Lake Superior,Ferris State,False,20262027
2027-02-20,Bemidji State,Augustana,False,20262027
2027-02-20,Robert Morris,RIT,False,20262027
2027-02-20,Dartmouth,Colgate,False,20262027
2027-02-20,Niagara,Sacred Heart,False,20262027
2027-02-20,Bentley,Canisius,False,20262027
2027-02-20,Army,Air Force,False,20262027
2027-02-21,Lindenwood,mvl,False,20262027
2027-02-25,Niagara,RIT,False,20262027
2027-02-25,Massachusetts,Connecticut,False,20262027
2027-02-26,St. Cloud State,St. Thomas,False,20262027
2027-02-26,Miami,Western Michigan,False,20262027
2027-02-26,Denver,Colorado College,False,20262027
2027-02-26,Arizona State,Omaha,False,20262027
2027-02-26,Minnesota Duluth,North Dakota,False,20262027
2027-02-26,New Hampshire,Providence,False,20262027
2027-02-26,Maine,Northeastern,False,20262027
2027-02-26,Quinnipiac,Yale,False,20262027
2027-02-26,Colgate,Union,False,20262027
2027-02-26,Cornell,RPI,False,20262027
2027-02-26,Boston College,Boston University,False,20262027
2027-02-26,Princeton,Brown,False,20262027
2027-02-26,Clarkson,Dartmouth,False,20262027
2027-02-26,Northern Michigan,Lake Superior,False,20262027
2027-02-26,Ferris State,Bowling Green,False,20262027
2027-02-26,Michigan Tech,Bemidji State,False,20262027
2027-02-26,Augustana,Minnesota State,False,20262027
2027-02-26,Air Force,Robert Morris,False,20262027
2027-02-26,Canisius,Niagara,False,20262027
2027-02-26,Bentley,Army,False,20262027
2027-02-26,Sacred Heart,Holy Cross,False,20262027
2027-02-26,St. Lawrence,Harvard,False,20262027
2027-02-27,Boston University,Boston College,False,20262027
2027-02-27,Merrimack,Vermont,False,20262027
2027-02-27,Providence,New Hampshire,False,20262027
2027-02-27,Connecticut,Massachusetts,False,20262027
2027-02-27,St. Cloud State,St. Thomas,False,20262027
2027-02-27,Colorado College,Denver,False,20262027
2027-02-27,Minnesota Duluth,North Dakota,False,20262027
2027-02-27,Arizona State,Omaha,False,20262027
2027-02-27,Cornell,Union,False,20262027
2027-02-27,Miami,Western Michigan,False,20262027
2027-02-27,Maine,Northeastern,False,20262027
2027-02-27,St. Lawrence,Dartmouth,False,20262027
2027-02-27,Northern Michigan,Lake Superior,False,20262027
2027-02-27,Quinnipiac,Brown,False,20262027
2027-02-27,Clarkson,Harvard,False,20262027
2027-02-27,Colgate,RPI,False,20262027
2027-02-27,Ferris State,Bowling Green,False,20262027
2027-02-27,Michigan Tech,Bemidji State,False,20262027
2027-02-27,Augustana,Minnesota State,False,20262027
2027-02-27,Air Force,Robert Morris,False,20262027
2027-02-27,Bentley,Army,False,20262027
2027-02-27,Holy Cross,Sacred Heart,False,20262027
2027-02-27,RIT,Canisius,False,20262027
2027-02-27,Alaska,Alaska Anchorage,False,20262027
2027-02-27,Princeton,Yale,False,20262027
2027-03-04,Connecticut,Providence,False,20262027
2027-03-05,UMass Lowell,Merrimack,False,20262027
2027-03-05,Boston University,Northeastern,False,20262027
2027-03-05,Boston College,Massachusetts,False,20262027
2027-03-06,New Hampshire,Connecticut,False,20262027
2027-03-06,Northeastern,Boston College,False,20262027
2027-03-06,Maine,Vermont,False,20262027
